Number,Question,A,B,C,D,Answer,Subject,correct,prediction
0,Aşağıdakilerden hangisi Türkiye'nin Ege Bölgesi'nde yer almaz?,İzmir,Aydın,Muğla,Antalya,D,turkish_geography,True,D
1,Aşağıdaki illerden hangisinin Karadeniz'e kıyısı yoktur?,Sinop,Ordu,Samsun,Çorum,D,turkish_geography,True,D
2,Türkiye'de en çok yağış alan bölge hangisidir? Bu durumun sebebi ne olabilir?,Karadeniz Bölgesi; dağların denize paralel uzanması,Akdeniz Bölgesi; subtropikal iklim,Marmara Bölgesi; deniz etkisi,Ege Bölgesi; kıyı şeridinin uzunluğu,A,turkish_geography,True,A
3,"Anadolu'nun ""köprü"" olarak nitelendirilmesinin en önemli sebebi nedir?",Boğazların varlığı,Asya ve Avrupa'yı birleştirmesi,Dağ silsilelerinin uzanışı, Dört mevsimin yaşanıyor olması,B,turkish_geography,True,B
4,Hangisi Türkiye'nin iklim çeşitliliğine etki eden faktörlerden biri değildir?,Yeryüzü şekilleri,Denizlere olan uzaklık,Ortalama yükseltinin fazla olması,Nüfus yoğunluğu,D,turkish_geography,True,D
5,Türkiye'de en az nüfusa sahip bölge hangisidir? Bu durumun olası bir sebebi ne olabilir?,Doğu Anadolu Bölgesi,Güneydoğu Anadolu Bölgesi,Ege Bölgesi,Karadeniz Bölgesi,A,turkish_geography,False,D
6,"Türkiye'de ""Kırsal kesimden kente göç"" olgusu hangi coğrafi faktörle en az ilişkilidir?",Tarımda makineleşme,Eğitim olanaklarının artması,Sanayi bölgelerinin gelişmesi,Deniz seviyesinden yükseklik,D,turkish_geography,True,D
7,"Hangi cümlede ""ki"" bağlacı yerine ek olan ""-ki"" kullanılmalıdır?",Biliyorum ki başaracaksın.,Senin ki benim kinden daha güzel.,O kadar yorgundum ki hemen uyudum.,Öyle bir film ki anlatamam.,B,turkish_grammar,False,C
8,Hangi cümlede isim tamlaması yoktur?,Evin bahçesi çok güzel.,Ahmet'in arabası kırmızı.,Çocuk top oynuyor.,Masanın üstünde kitap var.,C,turkish_grammar,True,C
9,Aşağıdaki cümlelerin hangisinde birleşik zamanın hikayesi kullanılmıştır?,Yarın okula gideceğim.,Dün akşam film izliyordum.,Kitabı bitirmiş.,Sınavı geçebilirdi.,D,turkish_grammar,False,B
10,Aşağıdaki cümlelerin hangisinde özne-yüklem uyumsuzluğu vardır?,Çocuklar bahçede oynuyor.,Herkes sınavda başarılı oldu.,Öğrenciler ve öğretmenler pikniğe gitti.,Kalabalık yavaşça dağıldılar.,D,turkish_grammar,False,C
11,"Aşağıdaki cümlelerin hangisinde ""de/da"" bağlacı yanlış yazılmıştır?",Ben de geleceğim.,Evde kimse yok.,Kitabı da defteri de al.,Sokakta'da çocuklar oynuyor.,D,turkish_grammar,True,D
12,"Hangi cümlede ""için"" edatı cümleye amaç anlamı katmamıştır?",Sınıfı geçmek için çok çalıştı.,Senin için aldım bu hediyeyi.,Piknik için hazırlık yapıyoruz.,Ağaç için çukur kazdık.,B,turkish_grammar,False,D
13,Aşağıdaki cümlelerin hangisinde yazım yanlışı yapılmıştır?,Hiçbir şey göründüğü gibi değil.,Herşey yolunda gidecek.,Birkaç gün sonra döneceğim.,Bugün hava güneşli.,B,turkish_grammar,True,B
14,Hangi cümlede işteş çatılı bir fiil kullanılmıştır?,Çocuklar bahçede oynuyor.,Öğrenciler sınıfta tartışıyor.,Kediler süt içiyor.,Kuşlar gökyüzünde uçuyor.,B,turkish_grammar,True,B
15,Aşağıdaki cümlelerin hangisinde zarf tümleci yoktur?,Hızlıca koştu.,Kitabı dikkatle okudu.,Bahçede çiçekler açmış.,Yarın okula gideceğim.,C,turkish_grammar,True,C
16,Hangi cümlede dolaylı anlatım kullanılmıştır?,"Ayşe ""Yarın geleceğim"" dedi.",Ali geldiğini söyledi.,Hava çok güzelmiş.,Lütfen sessiz olun.,B,turkish_grammar,True,B
17,Aşağıdaki cümlelerin hangisinde hem isim hem de sıfat tamlaması bir arada kullanılmıştır?,Kırmızı araba hızla geçti.,Evin büyük bahçesi çok güzeldi.,Eski kitaplar rafta duruyordu.,Küçük çocuk top oynuyordu.,B,turkish_grammar,True,B
18,Aşağıdaki cümlelerin hangisinde şart kipi farklı bir işlevde kullanılmıştır?,Erken kalkarsan okula yetişirsin.,Keşke gelebilsem.,Çalışırsan başarırsın.,Yağmur yağarsa pikniğe gitmeyiz.,B,turkish_grammar,False,D
19,"Aşağıdaki cümlelerin hangisinde ""ki"" farklı bir görevde kullanılmıştır?",Öyle güzel bir manzara ki anlatamam.,Benimki seninkinden daha iyi.,Biliyorum ki başaracaksın.,Öyle bir film izledim ki unutamıyorum.,B,turkish_grammar,False,C
20,Aşağıdaki cümlelerin hangisinde zincirleme isim tamlaması kullanılmıştır?,Okulun bahçesi çok geniş.,Evin kapısının kilidi bozulmuş.,Ahmet'in arabası kırmızı.,Ağacın dalları rüzgarda sallanıyor.,B,turkish_grammar,False,C
21,Hangi cümlede küçültme eki alan kelime sıfat görevinde kullanılmamıştır?,Minicik elleriyle resim yapıyordu.,Küçücük bir ev almışlar.,Azıcık dinlensem iyi olacak.,Miniminnacık kuşlar cıvıldaşıyordu.,C,turkish_grammar,False,A
22,Aşağıdaki cümlelerin hangisinde ünlem cümlesi farklı bir amaçla kullanılmıştır?,Ne güzel bir manzara!,Eyvah! Anahtarları unuttum.,Yaşasın! Sınavı geçtim.,Off! Çok sıkıldım.,A,turkish_grammar,False,D
23,Hangi cümlede iyelik eki almış kelime yüklem görevinde kullanılmıştır?,Bu kalem benim.,Onun arabası kırmızı.,Bizim ev şehir merkezinde.,Senin fikirlerin çok değerli.,A,turkish_grammar,False,D
24,Aşağıdaki cümlelerin hangisinde zamir kullanılmıştır?,Kitapları dün aldım.,Onu hiç tanımıyorum.,Arabayı garaja park etti.,Çiçekler bahçede açtı.,B,turkish_grammar,True,B
25,Aşağıdaki cümlelerin hangisinde bir deyim kullanılmıştır?,Sabah kahvaltı yaptık.,Çok çalışkan bir öğrencidir.,İşleri yoluna koydu.,Öğretmen ödevi kontrol etti.,C,turkish_semantics,True,C
26,Kırmak kelimesi hangi cümlede deyim olarak kullanılmıştır?,Bardağı kırdı ve hemen temizlemeye başladı.,Kalbini kırdı ve bu yüzden onunla konuşmuyor.,Kolunu kırdı ve hastaneye gitmek zorunda kaldı.,Yumurtayı kırdı ve tavaya döktü.,B,turkish_semantics,True,B
27,Göz kelimesi aşağıdaki cümlelerin hangisinde mecaz anlamda kullanılmıştır?,Gözü ağrıyor.,Her şeyi gözüyle gördü.,Gözü yükseklerde.,Renkli gözleri var.,C,turkish_semantics,False,D
28,Aşağıdaki cümlelerin hangisinde kişileştirme sanatı vardır?,Rüzgar ağaçları sallıyordu ve yapraklar hışırdıyordu.,Güneş bize gülümsedi ve tüm gün boyunca içimizi ısıttı.,Çocuk parkta oynuyor ve çok eğleniyor.,Kitap okumayı çok seviyorum ve her gün bir saatimi buna ayırıyorum.,B,turkish_semantics,True,B
29,Ağır kelimesi hangi cümlede mecaz anlamda kullanılmıştır?,Çanta çok ağır ve taşıyamıyorum.,Onun sözü ağır geldi ve ne diyeceğimi bilemedim.,Yüksek sesle konuştu ve herkes onu duydu.,Sorular çok zordu ve çoğunu yapamadım.,B,turkish_semantics,True,B
30,"Aşağıdaki cümlelerin hangisinde ""baş"" kelimesi mecaz anlamda kullanılmıştır?",Baş ağrım var ve bu beni çok rahatsız ediyor.,Takımın başında o var ve herkesi yönlendiriyor.,Yeni bir işe başlıyorum ve çok heyecanlıyım.,Baş köşede oturuyor ve herkesin dikkatini çekiyor.,B,turkish_semantics,True,B
31,Dil kelimesi hangi cümlede mecaz anlamda kullanılmıştır?,Dil öğrenmek zordur ama eğlencelidir.,Bu kitabın dili çok akıcı ve anlaşılır.,Dilini tut yoksa başın derde girebilir.,Yabancı dil yarışı düzenlendi ve birçok kişi katıldı.,C,turkish_semantics,True,C
32,"Aşağıdaki cümlelerin hangisinde ""el"" kelimesi mecaz anlamda kullanılmıştır?",Elini kaldır ve soruya cevap ver.,Bu işi el birliği ile tamamladık.,Eline sağlık çok güzel bir yemek olmuş.,El yazısı çok okunaklı.,B,turkish_semantics,True,B
33,Yol kelimesi hangi cümlede mecaz anlamda kullanılmıştır?,Yol çok uzundu ve yürümek zordu.,Kariyer yolunda hızlı adımlarla ilerliyor.,Yolculuk sırasında birçok yer gördü.,Yolda kalmış bir araba gördük.,B,turkish_semantics,True,B
34,Soğuk kelimesi hangi cümlede mecaz anlamda kullanılmıştır?,Hava bugün çok soğuk.,Onun soğuk tavırları beni çok üzüyor.,Buzdolabındaki süt çok soğuk.,Soğuk su içmek serinletici.,B,turkish_semantics,True,B
35,Aşağıdaki eserlerden hangisi Halide Edib Adıvar'a aittir?,Kuyucaklı Yusuf,Çalıkuşu,Sinekli Bakkal,Hanımın Çiftliği,C,turkish_literature,False,D
36,"Yahya Kemal Beyatlı'nın ""Sessiz Gemi"" şiirinde işlediği ana tema nedir?",Aşk,Ölüm,Yalnızlık,Doğa,B,turkish_literature,False,D
37,Tutunamayanlar romanının yazarı kimdir?,Oğuz Atay,Orhan Pamuk,Ahmet Hamdi Tanpınar,Sabahattin Ali,A,turkish_literature,False,D
38,"Reşat Nuri Güntekin'in ""Çalıkuşu"" romanındaki Feride karakteri hangi mesleği yapmaktadır?",Doktor,Öğretmen,Hemşire,Yazar,B,turkish_literature,False,D
39,Saatleri Ayarlama Enstitüsü adlı eserin yazarı kimdir?,Yakup Kadri Karaosmanoğlu,Reşat Nuri Güntekin,Ahmet Hamdi Tanpınar,Halide Edib Adıvar,C,turkish_literature,True,C
40,Aşağıdaki eserlerden hangisi Nazım Hikmet Ran'a aittir?,Kürk Mantolu Madonna,İçimizdeki Şeytan,Memleketimden İnsan Manzaraları,İstanbul Hatırası,C,turkish_literature,True,C
41,"Aşağıdaki şairlerden hangisi ""Garip"" akımının temsilcilerinden biridir?",Orhan Veli Kanık,Ahmet Haşim,Nazım Hikmet,Mehmet Akif Ersoy,A,turkish_literature,True,A
42,Ayaşlı ve Kiracıları romanı kime aittir?,Tarık Buğra,Yakup Kadri Karaosmanoğlu,Sait Faik Abasıyanık,Memduh Şevket Esendal,D,turkish_literature,False,A
43,Küçük Ağa romanının yazarı kimdir?,Tarık Buğra,Halide Edib Adıvar,Reşat Nuri Güntekin,Yakup Kadri Karaosmanoğlu,A,turkish_literature,False,C
44,Aşağıdaki eserlerden hangisi Zülfü Livaneli'ye aittir?,Serenad,İnce Memed,Anayurt Oteli,Kuyucaklı Yusuf,A,turkish_literature,True,A
45,Aşağıdaki eserlerden hangisi bir tiyatro eseri değildir?,Keşanlı Ali Destanı,Ferhad ile Şirin,Kaplumbagalar,Şair Evlenmesi,C,turkish_literature,False,D
46,Sinekli Bakkal romanının ana teması nedir?,Toplumsal değişim,Aşk ve romantizm,Savaşın etkileri,Bireysel mücadele,A,turkish_literature,False,D
47,Kürk Mantolu Madonna romanında anlatılan aşk hikayesi hangi karakterler arasında geçer?,Raif ve Maria Puder,Ali ve Aysel,Mehmet ve Fatma,Kemal ve Füsun,A,turkish_literature,False,D
48,"Orhan Kemal'in ""Bereketli Topraklar Üzerinde"" romanı hangi konuyu işler?",Göç ve kentleşme,Toprak reformu,İşçi-işveren ilişkileri,Aşk ve ihanet,C,turkish_literature,False,A
49,"Ahmet Hamdi Tanpınar'ın ""Huzur"" romanında hangi dönem İstanbul'u anlatılır?",Osmanlı İmparatorluğu'nun kuruluş dönemi,Osmanlı İmparatorluğu'nun çöküş dönemi,Cumhuriyetin ilk yılları,Günümüz,C,turkish_literature,False,D
50,"Yaşar Kemal'in ""İnce Memed"" romanında başkahraman İnce Memed'in en büyük düşmanı kimdir?",Ali Bey,Abdi Ağa,Veli Efendi,Köylüler,B,turkish_literature,False,X
51,"Orhan Veli Kanık'ın ""Garip"" şiir akımıyla getirdiği yenilik nedir?",Aruz ölçüsünü kullanması,Serbest ölçüyle yazması,Divan edebiyatına yönelmesi,Halk şiirini benimsemesi,B,turkish_literature,True,B
52,Aylak Adam romanının yazarı kimdir?,Oğuz Atay,Yusuf Atılgan,Adalet Ağaoğlu,Latife Tekin,B,turkish_literature,False,D
53,"Halide Edib Adıvar'ın ""Vurun Kahpeye"" romanında işlenen ana tema nedir?",Aşk ve ihanet,Milli mücadele,Sosyal adaletsizlik,Kadın hakları,B,turkish_literature,False,D
54,Türkiye Cumhuriyeti'nin kurucusu ve ilk Cumhurbaşkanı kimdir?,İsmet İnönü,Mustafa Kemal Atatürk,Süleyman Demirel,Turgut Özal,B,turkish_politics,True,B
55,1980 yılında Türkiye'de gerçekleştirilen askeri darbenin lideri kimdir?,Kenan Evren,Cemal Gürsel,Turgut Özal,Bülent Ecevit,A,turkish_politics,True,A
56,Adalet ve Kalkınma Partisi (AKP) hangi yıl kurulmuştur?,1999,2001,2003,2005,B,turkish_politics,False,A
57,Türkiye Cumhuriyeti'nde Cumhurbaşkanlığı Hükümet Sistemi'ne geçiş hangi yıl gerçekleşmiştir?,2014,2015,2017,2018,D,turkish_politics,False,C
58,Gezi Parkı protestoları hangi yıl başlamıştır?,2011,2012,2013,2014,C,turkish_politics,False,B
59,15 Temmuz 2016'da Türkiye'de ne olmuştur?,Genel seçimler,Askeri darbe girişimi,Ekonomik kriz,Deprem,B,turkish_politics,True,B
60,2017 Anayasa değişikliği referandumunda Türkiye neyi oylamıştır?,Yeni anayasa,Parlamenter sisteme dönüş,Cumhurbaşkanlığı hükümet sistemi,Avrupa Birliği üyeliği,C,turkish_politics,True,C
61,Cumhuriyet Halk Partisi (CHP) hangi yıl kurulmuştur?,1919,1923,1927,1931,B,turkish_politics,False,A
62,Türkiye Büyük Millet Meclisi (TBMM) hangi yıl açılmıştır?,1919,1920,1921,1922,B,turkish_politics,False,D
63,Recep Tayyip Erdoğan'ın ilk Başbakan olduğu yıl hangisidir?,2001,2002,2003,2004,C,turkish_politics,False,B
64,1980 öncesinde Türkiye'de yaşanan siyasi ve toplumsal çatışmalara verilen ad nedir?,Soğuk Savaş,İç Savaş,12 Eylül Olayları,Kara Eylül,D,turkish_politics,True,D
65,Susurluk Kazası olarak bilinen olay hangi yıl gerçekleşmiştir?,1992,1994,1996,1998,C,turkish_politics,False,B
66,Türkiye'nin ilk kadın Başbakanı kimdir?,Tansu Çiller,Meral Akşener,Emine Ülker Tarhan,Fatma Şahin,A,turkish_politics,True,A
67,Milliyetçi Hareket Partisi'nin (MHP) kurucusu kimdir?,Alparslan Türkeş,Devlet Bahçeli,Turgut Özal,Süleyman Demirel,A,turkish_politics,True,A
68,28 Şubat süreci olarak bilinen post-modern darbe hangi yıl gerçekleşmiştir?,1995,1996,1997,1998,C,turkish_politics,False,A
69,2023 Türkiye genel seçimlerinde hangi parti en fazla oy almıştır?,Cumhuriyet Halk Partisi,Adalet ve Kalkınma Partisi,İyi Parti,Milliyetçi Hareket Partisi,B,turkish_politics,True,B
70,Mavi Vatan kavramı Türkiye'nin hangi politikasıyla ilgilidir?,Tarım politikası,Denizcilik ve deniz hakları,Enerji politikası,Turizm politikası,B,turkish_politics,True,B
71,1974 Kıbrıs Barış Harekatı hangi başbakan döneminde gerçekleşmiştir?,Bülent Ecevit,Süleyman Demirel,Adnan Menderes,Turgut Özal,A,turkish_politics,True,A
72,12 Mart 1971'de Türkiye'de ne olmuştur?,Askeri darbe,Türkiye'nin NATO üyeliği,Avrupa Birliği'ne üyelik başvurusu,Ekonomik reform paketi,A,turkish_politics,True,A
73,Türkiye'nin en uzun süre görev yapan Cumhurbaşkanı kimdir?,Mustafa Kemal Atatürk,İsmet İnönü,Turgut Özal,Recep Tayyip Erdoğan,D,turkish_politics,True,D
74,Türkiye'nin milli içeceği olarak kabul edilen içecek hangisidir?,Çay,Kahve,Rakı,Ayran,D,turkish_culture,True,D
75,Geleneksel Türk el sanatlarından biri olan 'kilim' nedir?,Heykel,Dokuma,Resim,Müzik aleti,B,turkish_culture,True,B
76,Türk kahvesi pişirilirken hangi malzeme kullanılmaz?,Su,Şeker,Krema,Kahve,C,turkish_culture,False,D
77,Mevlana'nın türbesi hangi şehirde bulunmaktadır?,İstanbul,Ankara,Konya,İzmir,C,turkish_culture,True,C
78,"Hangi Türk bayramı ""Nevruz"" olarak da bilinir?",Kurban Bayramı,Ramazan Bayramı,Zafer Bayramı,Hıdırellez,D,turkish_culture,True,D
79,Türk halk müziğinde kullanılan telli bir çalgı olan 'bağlama' hangi tür müzikte yaygındır?,Klasik müzik,Pop müzik,Türk halk müziği,Caz müzik,C,turkish_culture,True,C
80,Türk kültüründe düğünlerde oynanan geleneksel halk oyunlarından biri hangisidir?,Tango,Vals,Horon,Rumba,C,turkish_culture,True,C
81,"Hangi Türk yemeği genellikle ""döner"" olarak adlandırılır?",Kebap,İskender,Adana kebabı,Şiş kebap,B,turkish_culture,False,D
82,Türk kültüründe Ramazan ayında akşam ezanıyla birlikte oruç açmaya ne denir?,Kahvaltı,İftar,Sahur,Öğle yemeği,B,turkish_culture,True,B
83,Karagöz ve Hacivat hangi Türk sanatının örneğidir?,Tiyatro,Gölge oyunu,Opera,Bale,B,turkish_culture,True,B
84,Türk kültüründe 'nazarlık' ne amaçla kullanılır?,Kötü ruhları kovmak,Güzel görünmek,İyi şans getirmek,Kötü gözlerden korunmak,D,turkish_culture,True,D
85,Türk halk edebiyatının önemli türlerinden biri olan 'destan' nedir?,Kısa hikaye,Şiir,Uzun hikaye,Tiyatro oyunu,B,turkish_culture,False,C
86,Türk kültüründe önemli bir yere sahip olan 'lokum' hangi özel günlerde sıkça hediye edilir?,Bayramlar,Doğum günleri,Yılbaşı,Evlilik yıldönümleri,A,turkish_culture,False,D
87,Türk kültüründe 'nazarlık' ne amaçla kullanılır?,Para istemek,Güzel görünmek,İyi şans getirmek,Kötü gözlerden korunmak,D,turkish_culture,True,D
88,Türk mitolojisinde sıkça bahsedilen kutsal dağ hangisidir?,Ağrı Dağı,Erciyes Dağı,Toros Dağları,Kaf Dağı,D,turkish_culture,False,A
89,Hangi Türk şarkıcı 1970'lerin sonunda ve 1980'lerde büyük başarı elde etmiştir?,Barış Manço,Sezen Aksu,Tarkan,Cem Karaca,A,turkish_culture,False,D
90,Türkiye'nin en büyük gölü hangisidir?,Tuz Gölü,Van Gölü,Beyşehir Gölü,Eğirdir Gölü,B,turkish_culture,True,B
91,Hangi Türk tatlısı yufka ve ceviz ve şerbet ile yapılır?,Baklava,Künefe,Şekerpare,Sütlaç,A,turkish_culture,True,A
92,Türk kültüründe 'Mevlid' nedir?,Evlilik töreni,Doğum günü kutlaması,Hz. Muhammed'in doğum günü,Yeni yıl kutlaması,C,turkish_culture,True,C
93,Türk kültüründe önemli bir yer tutan 'çömlekçilik' hangi malzemeyle yapılır?,Taş,Metal,Kil,Ahşap,C,turkish_culture,True,C
94,Geleneksel Türk halk oyunlarından biri olan 'zeybek' hangi bölgede yaygındır?,Karadeniz,Ege,Akdeniz,Doğu Anadolu,B,turkish_culture,True,B
95,Türk kültüründe evlilik öncesi yapılan 'kına gecesi' hangi amacı taşır?,Gelinin moralini yükseltmek,Misafirleri eğlendirmek,Damadı tanıtmak,Ev hazırlıklarını tamamlamak,A,turkish_culture,True,A
96,Türk kültüründe 'Hamam' ne anlama gelir?,Otel,Banyo,Restoran,Kahvehane,B,turkish_culture,True,B
97,Türk kültüründe 'Aşure Günü' hangi olayın anısına kutlanır?,Hz. Muhammed'in doğumu,Hz. Ali'nin ölümü,Kurban Bayramı,Nuh'un Gemisi,D,turkish_culture,True,D
98,Geleneksel Türk el sanatlarından biri olan 'oya' hangi malzemeyle yapılır?,Tahta,Kağıt,İplik,Cam,C,turkish_culture,True,C
99,Türk kültüründe 'Geleneksel Türk Tiyatrosu'nda en bilinen karakterlerden biri olan 'Kavuklu' hangi oyunda yer alır?,Meddah,Karagöz,Ortaoyunu,Köy seyirlik oyunları,C,turkish_culture,False,D
100,Türk kültüründe 'Hacivat ve Karagöz' oyunlarında Hacivat karakteri genellikle nasıl bir kişiliğe sahiptir?,Cahil ve kurnaz,Bilge ve ciddi,Komik ve saf,Sinirli ve ciddi,B,turkish_culture,False,C
101,Türk kültüründe 'asker uğurlama' sırasında yapılan geleneksel davranışlardan biri nedir?,Düğün yapmak,Kına gecesi düzenlemek,Mevlit okutmak,Kurşun dökmek,B,turkish_culture,False,D
102,Türk kültüründe 'Yeniçeri Ocağı' hangi dönemde kurulmuştur?,Osmanlı İmparatorluğu,Selçuklu Devleti,Cumhuriyet Dönemi,Bizans İmparatorluğu,A,turkish_culture,True,A
103,Türk kültüründe yaygın olarak görülen 'hüsn-i hat' sanatı nedir?,Resim sanatı,Kaligrafi sanatı,Heykel sanatı,Dokuma sanatı,B,turkish_culture,True,B
104,Türk kültüründe 'Sema' ayini hangi tarikatın uygulamasıdır?,Nakşibendi,Kadirî,Mevlevî,Alevî,C,turkish_culture,True,C
105,Halk Edebiyatı şairlerinden biri olan Karacaoğlan hangi dönemde yaşamıştır?,Osmanlı İmparatorluğu,Selçuklu İmparatorluğu,Cumhuriyet Dönemi,Modern Dönem,A,turkish_culture,True,A
106,"Türk sinemasında ""Yeşilçam"" dönemi hangi yıllar arasında kabul edilir?",1920-1940,1950-1980,1980-2000,2000 ve sonrası,B,turkish_culture,True,B
107,Hangi şehir Türkiye'nin kültür başkenti olarak bilinir?,İstanbul,Ankara,İzmir,Antalya,A,turkish_culture,True,A
108,"Fuzuli'nin ""Leyla ile Mecnun"" mesnevisi hangi Türk edebiyat türünün örneğidir?",Modern Roman,Halk Hikayesi,Divan Edebiyatı,Masal,C,turkish_culture,True,C
109,"Türk halk oyunlarından biri olan ""Horon"" hangi bölgeyle eşleştirilir?",Ege Bölgesi,Karadeniz Bölgesi,Marmara Bölgesi,Doğu Anadolu Bölgesi,B,turkish_culture,True,B
110,Yağlı Güreş etkinlikleri hangi şehirde düzenlenen Kırkpınar Güreş Festivali ile ünlüdür?,Edirne,Bursa,Antalya,İstanbul,A,turkish_culture,True,A
111,Ebru sanatı nedir?,Dokuma sanatı,Tahta oyma sanatı,Suda yüzen boyalarla yapılan kağıt süsleme sanatı,Seramik sanatı,C,turkish_culture,True,C
112,"Türk mutfağında ""mantı"" genellikle hangi malzeme ile doldurulur?",Peynir,Ispanak,Et,Patates,C,turkish_culture,True,C
113,Mehteran nedir?,Geleneksel Türk mutfağı,Geleneksel Türk askeri bandosu,Bir tür halk oyunu,Bir tür şerbet,B,turkish_culture,True,B
114,Kına gecesi hangi geleneksel Türk töreninin bir parçasıdır?,Doğum töreni,Düğün töreni,Sünnet töreni,Bayram kutlaması,B,turkish_culture,True,B
115,Türklerin Orta Asya'dan Anadolu'ya göç etmeye başlaması hangi savaş ile hızlanmıştır?,Kurtuluş Savaşı,Sakarya Meydan Muharebesi,Malazgirt Savaşı,Miryokefalon Savaşı,C,turkish_history,True,C
116,İstanbul'un fethi hangi padişah döneminde gerçekleşmiştir?,Yavuz Sultan Selim,Fatih Sultan Mehmet,Kanuni Sultan Süleyman,II. Bayezid,B,turkish_history,True,B
117,İstiklal Marşının yazarı kimdir?,Yahya Kemal Beyatlı,Mehmet Akif Ersoy,Orhan Veli Kanık,Namık Kemal,B,turkish_history,True,B
118,Osmanlı İmparatorluğu'nda ilk anayasayı (Kanun-i Esasi) ilan eden padişah kimdir?,II. Abdülhamid,I. Mahmud,III. Selim,V. Murad,A,turkish_history,False,D
119,Türk Kurtuluş Savaşı hangi antlaşma ile sona ermiştir?,Mondros Mütarekesi,Mudanya Ateşkes Antlaşması,Sevr Antlaşması,Lozan Antlaşması,D,turkish_history,True,D
120,Mustafa Kemal Atatürk'ün Samsun'a çıkarak Kurtuluş Savaşı'nı başlattığı tarih nedir?,19 Mayıs 1919,23 Nisan 1920,29 Ekim 1923,30 Ağustos 1922,A,turkish_history,True,A
121,Tanzimat Fermanı hangi padişah döneminde ilan edilmiştir?,II. Mahmud,Abdülmecid,I. Abdülhamid,IV. Murad,B,turkish_history,True,B
122,Türkiye Cumhuriyeti'nin ilk Başbakanı kimdir?,İsmet İnönü,Celal Bayar,Adnan Menderes,Turgut Özal,A,turkish_history,True,A
123,"Osmanlı İmparatorluğu'nda ""Lale Devri"" olarak bilinen dönem hangi padişah döneminde yaşanmıştır?",III. Ahmet,I. Abdülhamid,II. Mahmud,I. Mustafa,A,turkish_history,False,X
124,Osmanlı İmparatorluğu'nun ilk başkenti neresidir?,İstanbul,Ankara,Edirne,Bursa,D,turkish_history,True,D
125,Ankara'nın Türkiye'nin başkenti olarak ilan edilmesi hangi yıl gerçekleşmiştir?,1920,1923,1925,1930,B,turkish_history,True,B
126,Osmanlı İmparatorluğu'nun en uzun süre tahtta kalan padişahı kimdir?,Kanuni Sultan Süleyman,II. Abdülhamid,IV. Murad,Fatih Sultan Mehmet,A,turkish_history,True,A
127,"Kurtuluş Savaşı'nın ilk zaferi olan ""Sakarya Meydan Muharebesi"" hangi yıl gerçekleşmiştir?",1919,1920,1921,1922,C,turkish_history,True,C
128,II. Meşrutiyet hangi yıl ilan edilmiştir?,1876,1908,1920,1930,B,turkish_history,True,B
129,Osmanlı İmparatorluğu'nun Batı'ya karşı ilk büyük zaferi hangi savaşta kazanılmıştır?,Kosova Savaşı,Niğbolu Savaşı,Varna Savaşı,Mohaç Savaşı,B,turkish_history,False,D
130,Cumhuriyet ilan edildikten sonra Türkiye'nin ilk Cumhurbaşkanı kim olmuştur?,İsmet İnönü,Celal Bayar,Mustafa Kemal Atatürk,Fevzi Çakmak,C,turkish_history,True,C
131,"Osmanlı İmparatorluğu'nun ilk anayasası olan ""Kanun-i Esasi"" hangi yıl ilan edilmiştir?",1839,1856,1876,1908,C,turkish_history,True,C
132,İstiklal Marşı hangi tarihte TBMM tarafından kabul edilmiştir?,1920,1921,1922,1923,B,turkish_history,False,D
133,Bir tren saatte 90 km hızla giderek 3 saatte kaç km yol alır?,270 km,300 km,250 km,200 km,A,numeric_reasoning,False,B
134,"Bir ABCD dikdörtgeninin AB kenarı 10 cm, BC 5 cm'dir. Dikdörtgenin çevresi kaç cm'dir?",30 cm,25 cm,20 cm,35 cm,A,numeric_reasoning,True,A
135,Bir otomobil 60 km/h hızla hareket ettiğinde 3 saatte kaç km yol alır?,180 km,200 km,150 km,160 km,A,numeric_reasoning,False,D
136,4'ün karesi ile 3'ün küpünün toplamı kaçtır?,43,64,81,73,A,numeric_reasoning,True,A
137,Bir havuz 5 saatte dolmaktadır. Aynı havuz 2 saatte kaçta kaçı dolar?,2/5,1/3,1/2,2/3,A,numeric_reasoning,False,D
138,"2^32 litrelik bir havuz her gün 2^2 litre su ile dolduruluyor. Eklenen su miktarı her gün 2 katına çıkarılıyor. Su, havuzun yarısına kaçıncı günde gelmiştir?",8,12,29,16,C,numeric_reasoning,False,D
139,"Bir araba yarım saatte 60 km hızla 3 saat boyunca yol alırsa, toplam kaç km yol almış olur?",180 km,360 km,150 km,220 km,B,numeric_reasoning,True,B
140,"Bir işçi 5 saatte 25 birim iş yapıyorsa, aynı hızla çalışırsa 8 saatte kaç birim iş yapar?",50 birim,35 birim,45 birim,40 birim,D,numeric_reasoning,True,D
141,Bir mağaza %15 indirimle 170 TL'ye satılan bir ürünü indirimsiz kaç TL'ye satıyordu?,200 TL,180 TL,190 TL,210 TL,A,numeric_reasoning,False,D
142,"Bir sayının %25'i 80 ise, bu sayı kaçtır?",320,300,350,400,A,numeric_reasoning,False,D
143,"Bir kasada 400 elma vardır. Her gün 80 elma satılırsa, kaç gün sonra kasada elma kalmaz?",5 gün,4 gün,6 gün,8 gün,A,numeric_reasoning,False,D
144,"Bir işçi 6 saatte 90 birim iş yapıyorsa, aynı hızla çalışarak 10 saatte kaç birim iş yapar?",150 birim,140 birim,160 birim,130 birim,A,numeric_reasoning,True,A
145,"Bir dikdörtgenin alanı 48 cm², kısa kenarı 6 cm ise, uzun kenarı kaç cm'dir?",8 cm,7 cm,6 cm,9 cm,A,numeric_reasoning,True,A
146,"Bir arabada 5 litre benzin vardır. Bu araba 1 litre benzin ile 12 km yol gidiyorsa, toplam kaç km yol gidebilir?",60 km,70 km,50 km,80 km,A,numeric_reasoning,False,D
147,"Bir kişi günde 8 saat çalışarak bir işi 15 günde bitiriyorsa, aynı işi günde 6 saat çalışarak kaç günde bitirir?",20 gün,18 gün,22 gün,25 gün,A,numeric_reasoning,True,A
148,"Bir su deposu dakikada 4 litre su ile doluyorsa, 2 saatte kaç litre su dolar?",480 litre,450 litre,500 litre,400 litre,A,numeric_reasoning,True,A
149,"Bir bisikletçi 3 saatte 45 km yol gidiyorsa, 5 saatte kaç km yol gider?",75 km,70 km,80 km,65 km,A,numeric_reasoning,True,A
150,"Bir markette 6 TL olan bir ürün %10 zamlanırsa, yeni fiyatı kaç TL olur?",6.6 TL,6.5 TL,7 TL,6.8 TL,A,numeric_reasoning,False,D
151,Bir saatin %20'si kaç dakikadır?,12 dakika,15 dakika,18 dakika,24 dakika,A,numeric_reasoning,False,D
152,"Bir sayının %40'ı 50 ise, bu sayının %60'ı kaçtır?",75,70,80,65,A,numeric_reasoning,False,D
153,"Bir dikdörtgenin alanı 72 cm², kısa kenarı 6 cm ise, uzun kenarı kaç cm'dir?",9 cm,10 cm,12 cm,8 cm,C,numeric_reasoning,True,C
154,"Bir tarlada 500 kg buğday üretiliyor. Bu tarlada %20 daha fazla buğday üretilseydi, kaç kg buğday üretilirdi?",500 kg,550 kg,600 kg,700 kg,C,numeric_reasoning,False,D
155,Bir kitapçıda %25 indirimle 120 TL'ye satılan bir kitabın indirimsiz fiyatı kaç TL'dir?,160 TL,150 TL,140 TL,180 TL,A,numeric_reasoning,False,D
156,"Bir sayının küpü 27 ise, bu sayı kaçtır?",3,9,27,1,A,mathematics,False,C
157,(2^3).(2^2) işleminin sonucu nedir?,16,8,32,4,C,mathematics,True,C
158,"Bir dik üçgende hipotenüsün uzunluğu 10 cm ve bir dik kenar 6 cm ise, diğer dik kenar kaç cm'dir?",4 cm,8 cm,5 cm,3 cm,B,mathematics,True,B
159,"Bir dikdörtgenin uzun kenarı 12 cm, kısa kenarı 5 cm ise, dikdörtgenin çevresi kaç cm'dir?",34 cm,30 cm,24 cm,40 cm,A,mathematics,True,A
160,(3/4) + (2/3) işleminin sonucu nedir?,17/12,5/7,6/7,5/12,A,mathematics,True,A
161,"Bir çemberin çapı 14 cm ise, yarıçapı kaç cm'dir?",7 cm,14 cm,28 cm,21 cm,A,mathematics,True,A
162,(x^2) - 4 = 0 denkleminin kökleri nelerdir?,2 ve -2,4 ve -4,2 ve 4,-2 ve 4,A,mathematics,True,A
163,"Bir sayının %25'i 50 ise, bu sayı kaçtır?",200,150,250,400,A,mathematics,False,D
164,5x + 3 = 23 denkleminin çözümü nedir?,4,5,3,6,A,mathematics,True,A
165,"Bir üçgenin kenar uzunlukları 7 cm, 24 cm ve 25 cm ise, bu üçgenin çeşidi nedir?",Dik üçgen,Eşkenar üçgen,İkizkenar üçgen,Çeşitkenar üçgen,A,mathematics,False,D
166,Bir dikdörtgen prizmanın hacmi nasıl hesaplanır?,Uzunluk * Genişlik * Yükseklik,Uzunluk + Genişlik + Yükseklik,Uzunluk * Genişlik,Genişlik * Yükseklik,A,mathematics,True,A
167,"Bir aritmetik dizide ilk terim 4, ortak fark 6 ise, dördüncü terim kaçtır?",16,18,22,26,C,mathematics,False,D
168,Bir kenar uzunluğu 5 cm olan karenin alanı kaç cm²'dir?,25 cm²,20 cm²,30 cm²,15 cm²,A,mathematics,True,A
169,Bir sayı 12'nin 3 katından 5 eksiktir. Bu sayı kaçtır?,31,35,36,29,A,mathematics,False,X
170,"Bir dik üçgenin bir dik kenarı 9 cm, diğer dik kenarı 12 cm ise, hipotenüsü kaç cm'dir?",15 cm,16 cm,13 cm,10 cm,A,mathematics,False,C
171,"Bir küpün içinden çapı küpün kenar uzunluğuna eşit olan bir küre oyulursa, kalan hacim küpün hacminin kaçta kaçı olur?",1/6, 7/8,2/3,5/6,B,hard_geometry,False,D
172,"Bir dik üçgende hipotenüs 10 cm ve bir dik kenar 6 cm ise, diğer dik kenar kaç cm'dir?",4 cm,5 cm,8 cm,√16 cm,C,hard_geometry,True,C
173,Bir düzgün beşgenin bir iç açısı kaç derecedir?,108 derece,120 derece,135 derece,144 derece,A,hard_geometry,False,X
174,"Bir koninin yüksekliği ve taban çapı eşit olup her biri 12 cm ise, koninin hacmi kaç cm³'tür? (π = 3 alınız)",432 cm³,864 cm³,1728 cm³,108 cm³,A,hard_geometry,False,C
175,"Bir elipsin büyük eksen uzunluğu 10 cm ve küçük eksen uzunluğu 8 cm ise, elipsin alanı kaç cm²'dir? (π = 3.14 alınız)",40 cm²,80 cm²,20 cm²,62.8 cm²,D,hard_geometry,True,D
176,"Bir düzgün dodekahedronun (12 yüzlü çokgen) bir yüzünün alanı 25 cm² ise, toplam yüzey alanı kaç cm²'dir?",250 cm²,300 cm²,400 cm²,500 cm²,B,hard_geometry,True,B
177,"Bir kürenin yüzey alanı 144π cm² ise, yarıçapı kaç cm'dir?",6 cm,12 cm,8 cm,10 cm,A,hard_geometry,False,B
178,"Bir dört yüzlü piramidin (tetrahedron) hacmi 24 cm³ ve taban alanı 8 cm² ise, yüksekliği kaç cm'dir?",9 cm,6 cm,3 cm,4 cm,A,hard_geometry,True,A
179,"Bir küre diliminin hacmi, kürenin hacminin 1/4 üdür. Bu küre diliminin merkezi açısı kaç derecedir?",30 derece,45 derece,60 derece,90 derece,D,hard_geometry,False,C
180,"Bir prizmanın taban alanı 20 cm², yüksekliği 15 cm ve yanal yüzey alanı 300 cm² ise, prizmanın toplam yüzey alanı kaç cm²'dir?",400 cm²,600 cm²,340 cm²,500 cm²,C,hard_geometry,False,B
181,Bir matrisin determinantı nasıl hesaplanır?,Sadece köşegen elemanların çarpımı,Satır ve sütunların toplamı,Laplace açılımı ile,Tüm elemanların toplamı,C,hard_mathematics,True,C
182,f(x) = x^3 - 3x + 2 fonksiyonunun kritik noktaları nelerdir?,"1, -1","1, 2","0, 1","-1, 2",A,hard_mathematics,True,A
183,Bir doğrusal denklemler sisteminde 3x + 2y = 5 ve 4x - y = 6 denklemlerinin çözüm kümesi nedir?,"x=1/2,y=3/4","x=3/5,y=−1/2","x=2/3,y=1/4","x=17/11,y=2/11",D,hard_mathematics,False,X
184,Bir matrisin tersinin var olup olmadığını belirleyen ifade nedir?,Determinantı 0 ise tersi vardır,Determinantı 0 değilse tersi vardır,Transpozu simetrikse tersi vardır,Köşegen elemanlar pozitifse tersi vardır,B,hard_mathematics,True,B
185,f(x) = x^3 - 6x^2 + 9x + 1 fonksiyonunun yerel minimum noktası nedir?,x = 1,x = 2,x = 3,x = 0,C,hard_mathematics,False,A
186,Bir üçgenin iki kenarının uzunluğu 5 cm ve 7 cm'dir. Üçüncü kenarın uzunluğu için aşağıdakilerden hangisi doğrudur?,2 cm ile 12 cm arasında,1 cm ile 11 cm arasında,3 cm ile 13 cm arasında,0 cm ile 10 cm arasında,A,hard_mathematics,False,B
187,e^{x^2} fonksiyonunun türevi nedir?,2xe^{x^2},x e^{x},e^{x^2},2x e^{2x},A,hard_mathematics,True,A
188, ∫sin(x)dx integrali nedir?,-cos(x) + C ,sin(x) + C,cos(x) + C,-sin(x) + C,A,hard_mathematics,True,A
189,d/dx(x^2.ln(x)) nedir?,(2x.ln⁡(x)) + x^2,(2x.ln(x)) + x,(x.ln(x)) + 2x,(x^2).ln(x),B,hard_mathematics,False,A
190,"Bir kümenin alt kümelerinin sayısı 256 ise, bu küme kaç elemanlıdır?",7,8,9,10,B,hard_mathematics,True,B
191,"Bir kürenin yüzey alanı, aynı yarıçapa sahip bir silindirin yanal yüzey alanına eşittir. Bu kürenin hacmi 36π cm³ ise, silindirin yüksekliği kaç cm'dir?",6 cm,4 cm,3 cm,2 cm,A,hard_mathematics,True,A
192,"Bir kürenin yüzey alanı 36π cm² ise, kürenin hacmi nedir?",36π cm³,48π cm³,72π cm³,64π cm³,A,hard_mathematics,True,A
193,d/dx​(1/x​) nedir?,−(1/(x^2)),1/(x^2),2/(x^2),-(2/(x^2)),A,hard_mathematics,True,A
194,Bir parabolün tepe noktası nasıl bulunur?,-b/2a, b/2a,-b/a,b/a,A,hard_mathematics,True,A
195,Bir kürenin hacmi 500π cm³ ise yüzey alanı yaklaşık kaç cm²'dir?,542 cm²,138π cm²,176π cm²,208π cm²,D,hard_mathematics,False,C
196,Bir kompleks sayının modülü nedir?,Gerçek kısmı,İmajiner kısmı,Karesi,Mutlak değeri,D,hard_mathematics,True,D
197,"Bir matrisin determinantı sıfırsa, matris ne türdür?",Terslenebilir,Terslenemez,Simetrik,Ortogonal,B,hard_mathematics,True,B
198,∫x(e^x)dx integrali nedir?,(e^x).(x-1) + C,e^x - (x.(e^x)) + C,(x.(e^x)) + e^x + C,e^x + (x.(e^x)) + C,A,hard_mathematics,False,D
199,Bir doğru parçasının orta noktasının koordinatları nasıl bulunur?,"(x_1 + x_2)/2, (y_1 + y_2)/2","(x_1 - x_2)/2, (y_1 - y_2)/2","(x_1 + x_2), (y_1 + y_2)","(x_1 + x_2)/2, (y_1 + y_2)",A,hard_mathematics,True,A
200,"Bir çemberin merkez açısının ölçüsü 60 derece ise, bu açıya karşılık gelen yay uzunluğu nedir? (r = 10 cm, π = 3.14 alınız)",10.47 cm,6.28 cm,5.24 cm,20.94 cm,A,hard_mathematics,False,D
201,√(-4)^2 işleminin sonucu nedir?,-4,4,16,-16,B,hard_mathematics,True,B
202,Bir üçgenin alanı taban uzunluğu ve yüksekliği ile nasıl hesaplanır?,Taban.Yükseklik,(Taban.Yükseklik)/2,(Taban + Yükseklik)/2,Taban + Yükseklik,B,hard_mathematics,True,B
203,Bir doğal logaritma fonksiyonunun türevi nedir?,1/x,1/(ln(x)),ln(x),ln(x^2),A,hard_mathematics,False,C
204,Bir türev fonksiyonunun integrali nedir?,Orijinal fonksiyon,Türev fonksiyonu,Sabit bir değer,Sıfır,A,hard_mathematics,True,A
205,Bir üçgenin kenarları arasındaki ilişkiyi ifade eden kural nedir?,Pisagor teoremi,Üçgen eşitsizliği,Sinüs teoremi,Kosinüs teoremi,B,hard_mathematics,False,D
206,"Bir üçgenin çevresi 24 cm, bir kenarı 8 cm ise, diğer iki kenarın toplamı kaç cm'dir?",8 cm,16 cm,12 cm,20 cm,B,hard_mathematics,True,B
207,"Bir küpün içinden çapı küpün kenar uzunluğuna eşit olan bir küre oyulursa, kalan hacim küpün hacminin kaçta kaçı olur?",1/6,7/8,2/3,5/6,B,hard_mathematics,False,D
208,Bir doğru ile bir eğri arasındaki en kısa mesafeyi bulmak için kullanılan yöntem nedir?,Lagrange Çarpanları Yöntemi,Newton Yöntemi,Türev Yöntemi,Taylor Serisi,A,hard_mathematics,False,C
209,Bir cisim 20 m/s hızla hareket ediyor. 5 saniye sonra hızı 30 m/s oluyor. Bu cismin ortalama ivmesi kaç m/s²'dir?,1,2,3,4,B,physics,False,C
210,Kütlesi 2 kg olan bir cisim 5 N'luk kuvvet ile itiliyor. Cismin ivmesi kaç m/s²'dir?,1,2,2.5,3,C,physics,False,X
211,Yerden 80 m yükseklikte bulunan bir cisim serbest bırakılıyor. Yer çekimi ivmesi 10 m/s² olduğuna göre cisim kaç saniye sonra yere ulaşır? (Hava direnci ihmal edilecektir.),2,3,4,5,C,physics,False,D
212,Bir elektrik devresinde 12 V'luk bir pil ve 4 Ω'luk bir direnç bulunmaktadır. Bu devredeki akım şiddeti kaç amperdir?,1,2,3,4,C,physics,False,A
213,Aşağıdakilerden hangisi bir vektörel büyüklük değildir?,Hız,Kuvvet,İvme,Kütle,D,physics,False,C
214,Bir araç 72 km/saat hızla gidiyor. Bu hız kaç m/s'ye eşittir?,10,15,20,25,C,physics,False,D
215,Eğik düzlem üzerindeki bir cismin hareketi için aşağıdakilerden hangisi yanlıştır?,Cismin ağırlığının bir bileşeni harekete karşı yönde etki eder,Sürtünme kuvveti ihmal edilirse cisim sabit ivmeli hareket yapar,Eğim açısı arttıkça cismin ivmesi azalır,Cismin normal kuvveti ağırlığından küçüktür,C,physics,True,C
216,Bir cismin momentumu 40 kg⋅m/s'dir. Bu cismin kütlesi 8 kg ise hızı kaç m/s'dir?,2,3,4,5,D,physics,True,D
217,Aşağıdakilerden hangisi Newton'un üçüncü hareket yasasının (etki-tepki prensibi) bir örneği değildir?,Roketin fırlatılması,Yürürken yere uyguladığımız kuvvet,Bir cismin serbest düşmesi,Çekiçle çiviye vurma,C,physics,False,B
218,"Bir transformatörün primer sargısında 220 V gerilim ve 2 A akım varken, sekonder sargısında 110 V gerilim ölçülüyor. Sekonder sargıdaki akım şiddeti kaç amperdir? (Kayıplar ihmal edilecektir.)",1,2,3,4,D,physics,True,D
219,"Bir astronot Dünya'nın yarıçapının 3 katı yükseklikte bir uzay istasyonunda görev yapmaktadır. Dünya yüzeyindeki yer çekimi ivmesi 9,8 m/s² olduğuna göre uzay istasyonundaki yer çekimi ivmesi kaç m/s²'dir?",0.61,1.09,2.18,3.27,A,physics,False,X
220,"Kapalı bir kapta bulunan ideal bir gazın basıncı 2 atm, sıcaklığı 300 K'dir. Gazın hacmi sabit tutularak sıcaklığı 450 K'e çıkarılırsa yeni basıncı kaç atm olur?",0.5,2,3,4.5,C,physics,True,C
221,Bir dalga kaynağı saniyede 10 dalga oluşturuyor ve dalgalar arası mesafe 2 metre ise dalganın yayılma hızı kaç m/s'dir?,5,10,20,40,C,physics,False,D
222,Bir Carnot ısı makinesi 400 K sıcaklıktaki bir ısı kaynağından aldığı ısının %25'ini işe dönüştürüyor. Makinenin soğuk rezervuarının sıcaklığı kaç K'dir?,300,200,375,250,A,physics,True,A
223,Yarı ömrü 5 gün olan radyoaktif bir maddenin başlangıçtaki miktarının dörtte birine düşmesi için gereken süre kaç gündür?,2.5,5,10,15,C,physics,False,A
224,Düzlem bir aynada cisimden aynaya olan uzaklık 30 cm ise cismin görüntüsü aynadan kaç metre uzaklıkta oluşur?,0.15,0.30,0.60,0.90,B,physics,True,B
225,Düzgün bir manyetik alan içinde dönen bir elektron için aşağıdaki bilgiler verilmiştir. Elektronun kütlesi: 9.1 × 10⁻³¹ kg Elektronun yükü: 1.6 × 10⁻¹⁹ C Manyetik alan şiddeti: 0.5 T Elektronun hızı: 2 × 10⁶ m/s Elektronun izlediği dairesel yörüngenin yarıçapı yaklaşık kaç micron'dur?,34,45,11,23,D,physics,False,C
226,Bir elektrik süpürgesinin gücü 1500 W çalışma gerilimi 220 V'tur. Bu elektrik süpürgesinin direnci yaklaşık kaç Ω'dur?,16,32,64,128,B,physics,False,X
227,Sürtünmesiz bir ortamda 5 kg buz parçasını tamamen suya dönüştürmek için gereken ısı enerjisi kaç kJ'dür? (Buzun erime ısısı 334 kJ/kg'dır.),334,835,1670,2505,C,physics,True,C
228,Bir proton ve bir elektron arasındaki elektriksel kuvvet F ise kütleleri ve aralarındaki uzaklık değişmeden yükleri 3 katına çıkarılırsa aralarındaki kuvvet kaç F olur?,3,6,9,27,C,physics,False,D
229,"Bir çocuk 2 metre uzunluğundaki bir tahterevallin ucuna oturuyor. Tahterevalin dengelenmesi için diğer uca kaç kg'lık bir çocuk oturmalıdır? (İlk çocuğun kütlesi 30 kg, tahterevalin ağırlık merkezi tam ortasındadır.)",10,15,20,30,D,physics,True,D
230,Bir ses kaynağı duran bir gözlemciye göre 20 m/s hızla yaklaşmaktadır. Sesin havadaki hızı 340 m/s ise gözlemcinin duyduğu sesin frekansı kaynak frekansının kaç katıdır? (Yaklaşık değeri veriniz.),1.06,1.12,0.94,1.24,A,physics,False,D
231,"Bir asansör 12 m yüksekliğindeki bir binada aşağıdaki gibi hareket ediyor: İlk 3 saniyede 1 m/s² ivme ile hızlanıyor. Sonraki 2 saniyede sabit hızla hareket ediyor. Son 3 saniyede 1 m/s² ivme ile yavaşlıyor. Buna göre: I. Asansörün maksimum hızı 3 m/s'dir. II. Asansör toplam 8 saniyede yolculuğunu tamamlar. III. Asansörün ortalama hızı 1,5 m/s'dir. Bu ifadelerden hangileri doğrudur?",I ve II,I ve III,II ve III,I ve II ve III,A,physics,False,X
232,“Which of the following is not found in prokaryotic cells?”,Ribosome,Cell membrane,Cytoplasm,Nucleus,D,biology,True,D
233,Bir DNA molekülünde adenin bazı sayısı toplam baz sayısının %30'unu oluşturuyor. Bu DNA molekülünde guanin bazı yüzdesi kaçtır?,20,30,40,50,A,biology,False,D
234,Aşağıdakilerden hangisi hemofili hastalığının özelliklerinden biri değildir?,X kromozomuna bağlı çekinik bir hastalıktır.,Kadınlarda erkeklere göre daha sık görülür.,Kanın pıhtılaşma yeteneğinin azalmasına neden olur.,Taşıyıcı anneden oğula geçebilir.,B,biology,False,D
235,İnsan vücudunda insulinin salgılandığı bez hangisidir?,Tiroid,Hipofiz,Pankreas,Böbreküstü,C,biology,True,C
236,Fotosentez sırasında gerçekleşen olayların doğru sıralaması aşağıdakilerden hangisidir? I. Glikoz üretimi II. ATP sentezi III. Suyun parçalanması IV. Elektronların uyarılması,III - IV - II - I,IV - III - II - I,III - II - IV - I,IV - II - III - I,B,biology,True,B
237,Bir popülasyonda AA genotipli bireylerin oranı 0.16 aa genotipli bireylerin oranı 0.36 ise bu popülasyonda A allelinin frekansı kaçtır?,0.2,0.4,0.6,0.8,B,biology,False,D
238,Aşağıdakilerden hangisi memelilere özgü bir özellik değildir?,İç döllenme,Akciğer solunumu,Homeostermi (sabit vücut sıcaklığı),Amniyotik yumurta,D,biology,True,D
239,Bir enzimin aktivitesini aşağıdakilerden hangisi artırmaz?,Substrat konsantrasyonunun artması,Optimum sıcaklığa ulaşılması,pH'ın optimum değere yaklaşması,İnhibitör madde eklenmesi,D,biology,True,D
240,Aşağıdaki organellerden hangisi hem bitki hem de hayvan hücrelerinde bulunur?,Kloroplast,Hücre duvarı,Sentrozom,Golgi aygıtı,D,biology,False,C
241,Bir ekosistemde enerji akışı ile ilgili aşağıdaki ifadelerden hangisi yanlıştır?,Enerji piramidinin tabanında üreticiler yer alır.,Bir üst trofik düzeye aktarılan enerji miktarı genellikle %10 civarındadır.,Enerji besin zinciri boyunca tek yönlü akar.,Ayrıştırıcılar enerji piramidinin en üst basamağında yer alır.,D,biology,True,D
242,Bir araştırmacı belirli bir bitki türünün çiçek rengini kontrol eden genler üzerinde çalışmaktadır. Kırmızı çiçekli (RR) bitkiler ile beyaz çiçekli (rr) bitkileri çaprazladığında tüm F1 dölü pembe çiçekli olmuştur. F1 dölünden iki bitki kendi aralarında çaprazlandığında elde edilen F2 dölünde aşağıdaki fenotipler gözlemlenmiştir: 30 kırmızı çiçekli bitki 60 pembe çiçekli bitki 30 beyaz çiçekli bitki gözlemlenmiştir. Bu veriler ışığında aşağıdaki ifadelerden hangileri doğrudur? I. Bu özellik için eksik baskınlık söz konusudur. II. F2 dölünde genotip oranları 1:2:1 şeklindedir. III. Pembe çiçekli bitkilerin genotipi heterozigottur. IV. F2 dölünde beyaz çiçekli bitki elde etme olasılığı 1/4'tür.,I ve II,I ve II ve III,II ve III ve IV,I ve II ve III ve IV,D,biology,True,D
243,Bir biyolog bir göldeki balık popülasyonunun büyüklüğünü tahmin etmek için işaretle-yeniden yakala yöntemini kullanıyor. İlk gün 200 balık yakalayıp işaretliyor ve göle geri bırakıyor. Bir hafta sonra 150 balık yakalıyor ve bunların 30'unun işaretli olduğunu görüyor. Bu verilere dayanarak: I. Göldeki toplam balık sayısı yaklaşık 1000'dir. II. İkinci yakalamada işaretli balık yakalama olasılığı 1/5'tir. III. Bu yöntem popülasyonun kapalı olduğunu ve işaretlemenin balıkların yakalanma olasılığını etkilemediğini varsayar. Yukarıdaki ifadelerden hangileri doğrudur?,Yalnız I,I ve II,II ve III,I ve II ve III,D,biology,True,D
244,Bir hücrede protein sentezi sırasında bir amino asit için kodon AUG antikodon UAC'dir. Bu amino asidin mRNA üzerindeki kodonu nedir?,AUG,UAC,CAU,GUA,A,biology,True,A
245,"Bir ekosistemde aşağıdaki besin zinciri gözlemlenmiştir: Ot → Çekirge → Kurbağa → Yılan → Kartal Bu besin zinciriyle ilgili aşağıdaki ifadelerden hangisi yanlıştır?""",Ot birincil üreticidir.,Kartal en yüksek trofik düzeydedir.,Yılan popülasyonundaki bir artış çekirge popülasyonunu doğrudan etkiler.,Kurbağa popülasyonundaki bir azalma ot miktarını artırabilir.,C,biology,True,C
246,Bir biyoteknoloji firması bir bakterinin genomuna yabancı bir gen yerleştirerek rekombinant DNA teknolojisini kullanmaktadır. Bu süreçte aşağıdaki adımların hangi sırayla gerçekleşmesi en uygundur? I. Bakterinin transformasyonu II. Rekombinant bakterilerin seçilmesi III. İstenen genin izole edilmesi IV. Genin bir vektöre yerleştirilmesi V. Rekombinant proteinin saflaştırılması,III - IV - I - II - V,I - III - IV - II - V,III - I - IV - II - V,IV - III - I - V - II,A,biology,False,B
247,Aşağıdaki bileşiklerden hangisinin molekül geometrisi üçgen piramit şeklindedir?,CH₄,NH₃,H₂O,BF₃,B,chemistry,False,C
248,"25°C'de 0,1 M HCl çözeltisinin pH'ı kaçtır?",0,1,2,3,B,chemistry,False,C
249,Kararlı bir atomun 3. enerji seviyesinde maksimum kaç elektron bulunabilir?,8,16,18,32,C,chemistry,False,B
250,Aşağıdaki maddelerden hangisi polar moleküldür?,CCl₄,CO₂,CH₄,H₂O,D,chemistry,True,D
251,Aşağıdakilerden hangisi bir amfoter bileşiktir?,NaOH,HCl,Al(OH)₃,H₂SO₄,C,chemistry,True,C
252,Aşağıdaki elementlerden hangisinin elektron ilgisi en yüksektir?,Li,F,Cl,Br,B,chemistry,False,C
253,Türk Medeni Kanunu'na göre erginlik yaşı kaçtır?,16,17,18,19,C,turkish_law,True,C
254,Bir mahkemede davanın açılmasından kararın kesinleşmesine kadar geçen süreye ne ad verilir?,Dava süresi,Yargılama süresi,İtiraz süresi,Temyiz süresi,B,turkish_law,False,D
255,Türk Ceza Kanunu'na göre suç işlediği sırada on iki yaşını doldurmamış çocuklar hakkında ne tür bir işlem uygulanır?,Hapis cezası,Para cezası,Güvenlik tedbiri,Kamu hizmeti,C,turkish_law,True,C
256,Bir hakimin görev yaptığı mahkemede açılan davada taraf olması durumunda ne yapması gerekir?,Davaya bakmaya devam etmesi,Davadan çekilmesi,Davanın reddedilmesi,Davanın ertelenmesi,B,turkish_law,True,B
257,Türk hukukunda bir kişinin ölümünden sonra malvarlığının yasal mirasçılara geçmesini düzenleyen hukuk dalı hangisidir?,İdare Hukuku,Borçlar Hukuku,Miras Hukuku,Ticaret Hukuku,C,turkish_law,True,C
258,Türkiye'de bir kanun teklifinin yasalaşması için TBMM'de kaç kez görüşülmesi gerekir?,1,2,3,4,B,turkish_law,True,B
259,Anayasa Mahkemesi'nin kaç üyesi vardır?,13,15,17,19,B,turkish_law,False,D
260,Bir mahkemede tanıklık yapan kişinin bilerek gerçeğe aykırı beyanda bulunması suçuna ne ad verilir?,İftira,Yalan tanıklık,Suç uydurma,Görevi kötüye kullanma,B,turkish_law,True,B
261,Türk Ceza Kanunu'na göre bir suçun işlenmesinden sonra bu suçun delillerini yok eden kişi hangi suçu işlemiş olur?,Suç delillerini yok etme,Suçluyu kayırma,Suça iştirak,Adil yargılamayı etkilemeye teşebbüs,A,turkish_law,True,A
262,Türk hukukunda kişinin hakkını kendi eliyle araması anlamına gelen ve genellikle yasak olan eylem nedir?,İhkak-ı hak,Hakkın suistimali,Mücbir sebep,Hukuki ehliyet,A,turkish_law,True,A
263,Bir hakimin görevini yerine getirirken tarafsız davranmaması durumunda hangi anayasal ilke ihlal edilmiş olur?,Hukuk devleti ilkesi,Eşitlik ilkesi,Kuvvetler ayrılığı ilkesi,Bağımsız yargı ilkesi,D,turkish_law,True,D
264,Bir ceza davasında sanığın lehine olan delillerin toplanmaması durumunda hangi ceza hukuku ilkesi ihlal edilmiş olur?,Masumiyet karinesi,Şüpheden sanık yararlanır ilkesi,Delillerin serbestliği ilkesi,Silahların eşitliği ilkesi,D,turkish_law,False,A
265,Bilgi felsefesinde bilginin kaynağına ilişkin görüşlerden biri olan empirizm neyi savunur?,Bilginin akıldan geldiğini,Bilginin deneyimden geldiğini,Bilginin doğuştan geldiğini,Bilginin sezgisel olduğunu,B,philosophy,False,X
266,Platon'un idealar dünyası teorisinde ideaların yeri neresidir?,Zihinde,Dünyada,Gözlemlenebilir evrende,Duyuların ötesinde,D,philosophy,True,D
267,Kant'ın 'Saf Aklın Eleştirisi' adlı eserinde hangi konuyu ele aldığı söylenebilir?,Bilimsel yöntem,Ahlaki değerler,Bilgi ve deneyim,Sanat ve estetik,C,philosophy,True,C
268,Sokrates'in 'Bildiğim tek şey hiçbir şey bilmediğimdir' sözü hangi düşünceyi ifade eder?,Bilgiye ulaşmanın imkansızlığını,Cehaletin erdemini,Bilginin sonsuzluğunu,Bilgelik arayışını,D,philosophy,False,A
269,Aristoteles'in 'Altın Orta' anlayışı neyi ifade eder?,Aşırı uçlardan kaçınmayı,Mutluluğun peşinden koşmayı,Bilgiye ulaşmayı,Doğru düşünmeyi,A,philosophy,True,A
270,Nietzsche'nin 'Bengi Dönüş' kavramı neyi ifade eder?,Hayatın anlamsızlığını,Tekrarlanan varoluşu,Özgürlüğün önemini,Güç istemini,B,philosophy,False,D
271,Jean-Paul Sartre'ın varoluşçu felsefesine göre insanın varoluşu neye dayanır?,Tanrının iradesine,Toplumun kurallarına,Kendi özgür seçimlerine,Doğal yasaların belirlediği kadere,C,philosophy,True,C
272,Thomas Hobbes'un 'Leviathan' eserinde devletin ortaya çıkışını nasıl açıklar?,Toplum sözleşmesiyle,Doğal hukukla,Tanrısal iradeyle,Güç kullanımıyla,A,philosophy,True,A
273,Descartes'ın 'Düşünüyorum öyleyse varım' sözü hangi felsefi ilkeyi ifade eder?,Varoluşçuluğu,Rasyonalizmi,Empirizmi,Nihilizmi,B,philosophy,True,B
274,David Hume'un nedensellik anlayışına göre nedensellik ilişkisi nasıl oluşur?,Zihinsel bir alışkanlık olarak,Doğal bir yasa olarak,Tanrısal bir düzen olarak,Duyusal bir izlenim olarak,A,philosophy,False,D
275,Karl Marx'a göre toplumların gelişiminde belirleyici olan faktör nedir?,Din,Kültür,Ekonomi,Politika,C,philosophy,True,C
276,Friedrich Nietzsche'nin 'üstinsan' kavramı neyi ifade eder?,Toplumsal adaleti savunan insanı,Kendi değerlerini yaratan insanı,Bilgi peşinde koşan insanı,Güçlü ve cesur insanı,B,philosophy,True,B
277,Epikürcülüğe göre insanın mutluluğa ulaşmasının yolu nedir?,Bilgi edinmek,Erdemli olmak,Hazza odaklanmak,Acıdan kaçınmak,D,philosophy,False,B
278,Heidegger'in 'Varlık ve Zaman' eserinde hangi temel mesele ele alınır?,Bilginin doğası,Ahlakın temelleri,Varlığın anlamı,Sanatın değeri,C,philosophy,True,C
279,Stoacılığın temel prensibi nedir?,Doğa ile uyum içinde yaşamak,Mutluluğu aramak,Bilgiye ulaşmak,Duygusal olarak güçlü olmak,A,philosophy,True,A
280,Jean-Jacques Rousseau'nun 'Toplum Sözleşmesi' adlı eserinde öne sürdüğü temel düşünce nedir?,İnsanların doğal hallerinde eşit olduğu,Devletin halk için var olduğu,Bireyin özgürlüğünün önemi,Toplumsal adaletin gerekliliği,B,philosophy,False,A
281,John Locke'a göre insan zihni doğuştan nasıldır?,Boş bir levha (tabula rasa),Bilgiyle dolu,Günahkar,Mükemmel,A,philosophy,True,A
282,Bertrand Russell'ın bilgi teorisinde bilgi nedir?,İnançların doğruluğu,Deneyimlerin sonucu,Mantıksal analiz,Sezgisel algı,C,philosophy,False,B
283,Michel Foucault'nun güç kavramına yaklaşımı nasıldır?,Güç bireylerin kontrolüdür,Güç toplumsal bir yapıdır,Güç doğuştan gelir,Güç iktidarın sonucudur,B,philosophy,False,D
284,Sartre'ın 'Bulantı' eserinde ana karakter Roquentin'in yaşadığı varoluşsal kriz neyi ifade eder?,Hayatın anlamsızlığını,Toplumsal baskıyı,Ahlaki çöküşü,İnançsızlığı,A,philosophy,True,A
285,Türk mutfağının ünlü tatlılarından biri olan baklavanın ana malzemesi nedir?,Un,Yoğurt,Pirinç,Şerbet,D,turkish_cuisine,False,C
286,Kebap türlerinden biri olan Adana kebabı hangi et türünden yapılır?,Tavuk,Kuzu,Sığır,Balık,B,turkish_cuisine,False,C
287,Türk mutfağında geleneksel olarak Ramazan ayında yapılan tatlı hangisidir?,Baklava,Şekerpare,Güllaç,Revani,C,turkish_cuisine,True,C
288,'Kuru fasulye' yemeği Türk mutfağının hangi bölgesine aittir?,Ege,Karadeniz,Doğu Anadolu,İç Anadolu,D,turkish_cuisine,True,D
289,İç pilavda kullanılan temel malzemelerden biri nedir?,Mercimek,Bulgur,Pirinç,Nohut,C,turkish_cuisine,True,C
290,'Mücver' yemeğinin ana malzemesi nedir?,Havuç,Patates,Kabak,Ispanak,C,turkish_cuisine,True,C
291,Türk mutfağının meşhur sokak lezzetlerinden biri olan midye dolma nasıl hazırlanır?,Bulgur ve sebzelerle,Et ve baharatlarla,Pirinç ve baharatlarla,Nohut ve sebzelerle,C,turkish_cuisine,True,C
292,Türk mutfağında kahvaltıda sıkça tüketilen bir peynir çeşidi hangisidir?,Çedar peyniri,Kaşar peyniri,Mozzarella,Feta peyniri,B,turkish_cuisine,True,B
293,Türk mutfağında önemli bir yere sahip olan zeytinyağlı yemeklerin ana özelliği nedir?,Et ile yapılması,Yağsız olması,Soğuk servis edilmesi,Tatlı olması,C,turkish_cuisine,False,B
294,'Hünkar beğendi' yemeğinde kullanılan ana malzeme hangisidir?,Kuzu eti,Tavuk eti,Dana eti,Balık eti,A,turkish_cuisine,False,C
295,Türk mutfağının vazgeçilmez içeceklerinden biri olan ayran hangi malzemelerle yapılır?,Yoğurt su tuz,Yoğurt süt şeker,Yoğurt su bal,Yoğurt meyve su,A,turkish_cuisine,True,A
296,Türk mutfağında bayramlarda sıklıkla yapılan tatlı hangisidir?,Baklava,Muhallebi,Şöbiyet,Künefe,A,turkish_cuisine,False,D
297,'Çılbır' yemeğinde kullanılan temel malzemeler nelerdir?,Yumurta yoğurt,Yumurta domates,Yumurta peynir,Yumurta patates,A,turkish_cuisine,False,C
298,Türk mutfağında 'cacık' nasıl hazırlanır?,Yoğurt salatalık sarımsak,Yoğurt patlıcan sarımsak,Yoğurt domates sarımsak,Yoğurt biber sarımsak,A,turkish_cuisine,True,A
299,Türk mutfağının meşhur tatlılarından biri olan 'şekerpare' hangi malzeme ile yapılır?,Un,İrmik,Bulgur,Pirinç,B,turkish_cuisine,False,A
300,Türk mutfağında kullanılan temel baharatlardan biri olan 'sumak' genellikle hangi tür yemeklerde kullanılır?,Tatlılarda,Sebze yemeklerinde,Salatalarda,Et yemeklerinde,C,turkish_cuisine,False,D
301,Türk mutfağında 'mantı' nasıl servis edilir?,Yoğurt ve sarımsaklı sos ile,Domates sosu ile,Sebzelerle,Et suyu ile,A,turkish_cuisine,True,A
302,"log1656 = a, log2 = b, log3 = c ise log23 neye denk gelmektedir?",a-2b-3c,"a-3b,2c",a-b-3c,a-b-c,B,hard_mathematics,False,D
303,lna = p olduğu bir durumda log(a^2) hangisine  eşittir?,p.log(e),"2p.log(e)""",p.log(e/2),(p/2).log(e),B,hard_mathematics,True,B
304,2^(2x) - (2.(2^x)) - 8 = 0 ise x kaçtır?,2,1,ln4,2.ln4,A,hard_mathematics,False,X
305,"n bir tam sayıdır ve 1<n<100 aralığındaki bütün pozitif sayıları alabilmektedir. log(2, log(3, n)) ifadesi pozitif bir tam sayıya eşit ise n sayısının alabileceği değerler toplamı kaçtır?",45,63,72,90,D,hard_mathematics,True,D
306,"log(4,x) be log(8,(1/x)) sayılarının ortalaması 1/2 dir. BU bilgiden yola çıkarak log(16,x) ifadesi kaçtır?",1/2,3/2,1/4,5/4,B,hard_mathematics,False,X
307,"log(4,x) ve log(4,(x^2)) ardışık iki pozitif çift sayıdır. Buna göre log(x,4) kaçtır?",1/2,1/4,1/16,1,A,hard_mathematics,True,A
308,"log(2, log(3, (5x+6))) ifadesi ikiye eşit ise x kaçtır?",6,8,9,15,D,hard_mathematics,False,B
